speaker_idx,spkr_id_orig,n_train,n_val,n_test,per_emotion_train
0,3333,128,16,16,angry:32;happy:32;neutral:32;sad:32
1,263,128,16,16,angry:32;happy:32;neutral:32;sad:32
2,3600,128,16,16,angry:32;happy:32;neutral:32;sad:32
3,3585,128,16,16,angry:32;happy:32;neutral:32;sad:32
4,2746,128,16,16,angry:32;happy:32;neutral:32;sad:32
5,3582,128,16,16,angry:32;happy:32;neutral:32;sad:32
6,3335,128,16,16,angry:32;happy:32;neutral:32;sad:32
7,3279,128,16,16,angry:32;happy:32;neutral:32;sad:32
8,880,128,16,16,angry:32;happy:32;neutral:32;sad:32
9,480,128,16,16,angry:32;happy:32;neutral:32;sad:32
10,1225,128,16,16,angry:27;happy:34;neutral:34;sad:33
11,3589,126,17,17,angry:37;happy:36;neutral:27;sad:26
12,1209,130,15,15,angry:36;happy:36;neutral:35;sad:23
13,1270,126,17,17,angry:31;happy:23;neutral:36;sad:36
14,2845,128,16,16,angry:20;happy:30;neutral:35;sad:43
15,3032,132,14,14,angry:37;happy:21;neutral:37;sad:37
16,2951,126,17,17,angry:36;happy:36;neutral:36;sad:18
17,1095,103,12,12,angry:17;happy:33;neutral:32;sad:21
18,1080,126,17,17,angry:17;happy:37;neutral:36;sad:36
19,2517,128,16,16,angry:40;happy:39;neutral:33;sad:16
20,3614,126,17,17,angry:37;happy:37;neutral:37;sad:15
21,3283,130,15,15,angry:15;happy:20;neutral:43;sad:52
22,1333,128,16,16,angry:21;happy:48;neutral:47;sad:12
23,1601,103,13,13,angry:26;happy:12;neutral:53;sad:12
24,3431,84,11,11,angry:12;happy:36;neutral:24;sad:12
25,2861,119,16,16,angry:66;happy:13;neutral:28;sad:12
26,2719,99,12,12,angry:25;happy:36;neutral:26;sad:12
27,277,126,17,17,angry:38;happy:38;neutral:38;sad:12
28,1519,128,16,16,angry:20;happy:11;neutral:49;sad:48
29,3034,93,11,11,angry:29;happy:31;neutral:21;sad:12
30,3006,130,15,15,angry:44;happy:44;neutral:30;sad:12
31,2786,88,11,11,angry:38;happy:23;neutral:15;sad:12
32,2863,110,12,12,angry:11;happy:34;neutral:37;sad:28
33,2865,128,16,16,angry:39;happy:39;neutral:39;sad:11
34,4056,121,14,14,angry:68;happy:23;neutral:11;sad:19
35,1210,128,16,16,angry:20;happy:49;neutral:49;sad:10
36,1522,130,15,15,angry:11;happy:10;neutral:82;sad:27
37,3654,128,16,16,angry:40;happy:39;neutral:39;sad:10
38,1407,128,16,16,angry:10;happy:40;neutral:39;sad:39
39,2823,130,15,15,angry:10;happy:43;neutral:34;sad:43
40,2430,130,15,15,angry:44;happy:44;neutral:32;sad:10
41,1406,130,15,15,angry:15;happy:53;neutral:52;sad:10
42,2864,128,16,16,angry:40;happy:39;neutral:39;sad:10
43,3440,128,16,16,angry:40;happy:40;neutral:39;sad:9
44,3430,128,16,16,angry:74;happy:16;neutral:29;sad:9
45,924,101,13,13,angry:9;happy:40;neutral:39;sad:13
46,1335,107,14,14,angry:15;happy:43;neutral:40;sad:9
47,1950,76,9,9,angry:9;happy:35;neutral:20;sad:12
48,3023,128,16,16,angry:9;happy:40;neutral:40;sad:39
49,3359,60,6,6,angry:9;happy:21;neutral:20;sad:10
50,227,130,15,15,angry:9;happy:34;neutral:69;sad:18
51,26,128,16,16,angry:40;happy:40;neutral:39;sad:9
52,754,130,15,15,angry:8;happy:52;neutral:51;sad:19
53,1949,114,14,14,angry:19;happy:69;neutral:18;sad:8
54,1584,128,16,16,angry:8;happy:13;neutral:91;sad:16
55,2747,53,8,8,angry:21;happy:12;neutral:12;sad:8
56,752,126,17,17,angry:11;happy:54;neutral:53;sad:8
57,1612,57,7,7,angry:20;happy:8;neutral:19;sad:10
58,355,63,8,8,angry:8;happy:8;neutral:38;sad:9
59,1338,128,16,16,angry:8;happy:57;neutral:56;sad:7
60,1186,128,16,16,angry:7;happy:76;neutral:32;sad:13
61,2357,78,10,10,angry:45;happy:14;neutral:12;sad:7
62,1255,101,13,13,angry:15;happy:21;neutral:58;sad:7
63,1467,95,11,11,angry:7;happy:44;neutral:37;sad:7
64,1291,67,8,8,angry:16;happy:19;neutral:25;sad:7
65,1466,103,14,14,angry:7;happy:28;neutral:52;sad:16
66,1405,117,15,15,angry:7;happy:12;neutral:64;sad:34
67,3588,82,10,10,angry:36;happy:6;neutral:21;sad:19
68,2952,126,17,17,angry:45;happy:45;neutral:30;sad:6
69,1246,126,17,17,angry:33;happy:44;neutral:43;sad:6
70,2997,98,12,12,angry:24;happy:42;neutral:26;sad:6
71,637,76,9,9,angry:26;happy:20;neutral:24;sad:6
72,3020,64,8,8,angry:6;happy:22;neutral:24;sad:12
73,3025,50,7,7,angry:6;happy:13;neutral:25;sad:6
74,3606,128,16,16,angry:7;happy:6;neutral:58;sad:57
75,3368,128,16,16,angry:35;happy:62;neutral:25;sad:6
76,1600,101,13,13,angry:6;happy:36;neutral:48;sad:11
77,3361,58,7,7,angry:12;happy:20;neutral:20;sad:6
78,1506,128,16,16,angry:11;happy:17;neutral:94;sad:6
79,1247,126,17,17,angry:9;happy:21;neutral:91;sad:5
80,1014,128,16,16,angry:5;happy:41;neutral:41;sad:41
81,1598,53,7,7,angry:8;happy:5;neutral:34;sad:6
82,1599,84,11,11,angry:5;happy:5;neutral:58;sad:16
83,3601,86,11,11,angry:58;happy:12;neutral:11;sad:5
84,3029,128,16,16,angry:92;happy:15;neutral:16;sad:5
85,3602,44,6,6,angry:5;happy:5;neutral:14;sad:20
86,1383,128,16,16,angry:5;happy:41;neutral:41;sad:41
87,760,63,8,8,angry:10;happy:21;neutral:27;sad:5
88,3007,58,8,8,angry:5;happy:21;neutral:14;sad:18
89,3305,50,6,6,angry:7;happy:5;neutral:17;sad:21
90,1334,126,17,17,angry:15;happy:36;neutral:70;sad:5
91,109,66,9,9,angry:4;happy:17;neutral:38;sad:7
92,3595,117,16,16,angry:4;happy:7;neutral:68;sad:38
93,916,71,10,10,angry:10;happy:11;neutral:46;sad:4
94,1518,126,17,17,angry:12;happy:4;neutral:91;sad:19
95,216,61,8,8,angry:10;happy:4;neutral:42;sad:5
96,1241,128,16,16,angry:24;happy:44;neutral:56;sad:4
97,2959,98,13,13,angry:4;happy:39;neutral:28;sad:27
98,1269,54,7,7,angry:4;happy:7;neutral:34;sad:9
99,3731,37,5,5,angry:4;happy:9;neutral:20;sad:4
100,3610,40,6,6,angry:7;happy:4;neutral:21;sad:8
101,2787,47,7,7,angry:4;happy:27;neutral:11;sad:5
102,1315,41,5,5,angry:4;happy:8;neutral:18;sad:11
103,3257,49,7,7,angry:11;happy:12;neutral:22;sad:4
104,15,128,16,16,angry:42;happy:41;neutral:41;sad:4
105,3597,106,14,14,angry:49;happy:24;neutral:29;sad:4
106,40,128,16,16,angry:42;happy:41;neutral:41;sad:4
107,2780,110,16,16,angry:4;happy:43;neutral:36;sad:27
108,1239,58,8,8,angry:5;happy:27;neutral:22;sad:4
109,1223,55,8,8,angry:4;happy:8;neutral:38;sad:5
110,1606,41,6,6,angry:7;happy:4;neutral:18;sad:12
111,917,86,11,11,angry:4;happy:17;neutral:60;sad:5
112,3584,69,10,10,angry:37;happy:12;neutral:16;sad:4
113,228,88,12,12,angry:24;happy:13;neutral:47;sad:4
114,874,92,12,12,angry:4;happy:21;neutral:55;sad:12
115,3594,90,13,13,angry:36;happy:28;neutral:22;sad:4
116,1567,67,9,9,angry:4;happy:12;neutral:45;sad:6
117,2309,70,7,7,angry:7;happy:5;neutral:53;sad:5
118,2549,85,10,10,angry:12;happy:62;neutral:6;sad:5
119,3005,28,3,3,angry:7;happy:8;neutral:8;sad:5
120,901,30,3,3,angry:5;happy:4;neutral:16;sad:5
121,2989,37,4,4,angry:4;happy:18;neutral:10;sad:5
122,3030,40,5,5,angry:18;happy:11;neutral:6;sad:5
123,2450,54,6,6,angry:5;happy:31;neutral:6;sad:12
124,877,48,6,6,angry:6;happy:24;neutral:13;sad:5
125,1256,69,9,9,angry:5;happy:12;neutral:47;sad:5
126,1250,128,16,16,angry:5;happy:44;neutral:70;sad:9
127,1251,79,9,9,angry:6;happy:21;neutral:47;sad:5
128,1510,128,16,16,angry:5;happy:38;neutral:69;sad:16
129,3609,75,7,7,angry:5;happy:5;neutral:44;sad:21
130,3593,29,3,3,angry:6;happy:5;neutral:9;sad:9
131,3274,67,7,7,angry:27;happy:15;neutral:20;sad:5
132,2377,25,3,3,angry:5;happy:4;neutral:12;sad:4
133,1404,130,15,15,angry:5;happy:52;neutral:53;sad:20
134,1288,105,13,13,angry:15;happy:42;neutral:43;sad:5
135,41,128,16,16,angry:35;happy:44;neutral:44;sad:5
136,1218,130,15,15,angry:42;happy:42;neutral:41;sad:5
137,2862,27,3,3,angry:5;happy:8;neutral:8;sad:6
138,1096,130,15,15,angry:5;happy:70;neutral:35;sad:20
139,3009,76,9,9,angry:46;happy:5;neutral:20;sad:5
140,31,72,8,8,angry:5;happy:5;neutral:50;sad:12
141,2978,51,6,6,angry:5;happy:36;neutral:6;sad:4
142,3590,40,4,4,angry:4;happy:20;neutral:10;sad:6
143,1411,33,4,4,angry:6;happy:9;neutral:14;sad:4
144,1571,128,16,16,angry:4;happy:4;neutral:84;sad:36
145,1238,60,6,6,angry:4;happy:21;neutral:26;sad:9
146,1511,96,12,12,angry:11;happy:37;neutral:44;sad:4
147,215,124,15,15,angry:4;happy:34;neutral:82;sad:4
148,1376,128,16,16,angry:4;happy:51;neutral:62;sad:11
149,1389,58,6,6,angry:4;happy:28;neutral:22;sad:4
150,3352,41,5,5,angry:15;happy:12;neutral:10;sad:4
151,795,31,3,3,angry:5;happy:12;neutral:10;sad:4
152,1094,73,7,7,angry:5;happy:36;neutral:28;sad:4
153,3919,55,7,7,angry:5;happy:4;neutral:33;sad:13
154,1464,71,8,8,angry:4;happy:24;neutral:38;sad:5
155,2847,98,12,12,angry:4;happy:13;neutral:34;sad:47
156,882,51,7,7,angry:4;happy:28;neutral:15;sad:4
157,3455,70,9,9,angry:54;happy:7;neutral:5;sad:4
158,1479,81,10,10,angry:4;happy:17;neutral:37;sad:23
159,1354,108,13,13,angry:21;happy:43;neutral:40;sad:4
160,1539,21,3,3,angry:4;happy:4;neutral:8;sad:5
161,1245,128,16,16,angry:25;happy:21;neutral:78;sad:4
162,2987,35,5,5,angry:4;happy:4;neutral:11;sad:16
163,930,130,15,15,angry:4;happy:90;neutral:32;sad:4
164,1185,130,15,15,angry:10;happy:58;neutral:58;sad:4
165,2410,26,3,3,angry:5;happy:12;neutral:4;sad:5
166,1261,96,11,11,angry:5;happy:40;neutral:47;sad:4
167,2750,88,10,10,angry:4;happy:21;neutral:37;sad:26
168,2143,31,4,4,angry:6;happy:15;neutral:4;sad:6
169,1181,54,5,5,angry:4;happy:10;neutral:35;sad:5
170,1248,45,5,5,angry:6;happy:8;neutral:27;sad:4
171,753,64,8,8,angry:4;happy:28;neutral:28;sad:4
172,1399,58,6,6,angry:4;happy:22;neutral:27;sad:5
173,3625,49,6,6,angry:4;happy:4;neutral:32;sad:9
174,2860,128,16,16,angry:10;happy:109;neutral:5;sad:4
175,3017,87,10,10,angry:3;happy:35;neutral:40;sad:9
176,1336,90,11,11,angry:3;happy:46;neutral:36;sad:5
177,953,31,4,4,angry:11;happy:5;neutral:12;sad:3
178,173,22,2,2,angry:4;happy:10;neutral:5;sad:3
179,1183,101,11,11,angry:5;happy:60;neutral:33;sad:3
180,871,28,4,4,angry:4;happy:12;neutral:9;sad:3
181,1543,46,5,5,angry:4;happy:5;neutral:34;sad:3
182,2133,26,3,3,angry:3;happy:6;neutral:9;sad:8
183,3605,128,16,16,angry:3;happy:8;neutral:63;sad:54
184,2550,30,2,2,angry:12;happy:3;neutral:4;sad:11
185,2699,51,5,5,angry:6;happy:37;neutral:5;sad:3
186,1235,80,10,10,angry:4;happy:35;neutral:38;sad:3
187,344,33,3,3,angry:3;happy:5;neutral:19;sad:6
188,2955,52,6,6,angry:40;happy:4;neutral:5;sad:3
189,3917,52,6,6,angry:3;happy:21;neutral:17;sad:11
190,891,27,2,2,angry:3;happy:3;neutral:11;sad:10
191,1381,76,10,10,angry:3;happy:28;neutral:24;sad:21
192,3,32,3,3,angry:5;happy:3;neutral:19;sad:5
193,2349,25,2,2,angry:12;happy:5;neutral:5;sad:3
194,1481,53,7,7,angry:3;happy:32;neutral:14;sad:4
195,1586,34,3,3,angry:3;happy:7;neutral:19;sad:5
196,1391,128,16,16,angry:37;happy:44;neutral:44;sad:3
197,905,46,4,4,angry:3;happy:21;neutral:18;sad:4
198,2859,41,4,4,angry:3;happy:8;neutral:12;sad:18
199,870,52,6,6,angry:3;happy:11;neutral:21;sad:17
200,850,40,4,4,angry:5;happy:4;neutral:28;sad:3
201,293,49,6,6,angry:3;happy:12;neutral:27;sad:7
202,2824,57,7,7,angry:3;happy:34;neutral:14;sad:6
203,3735,130,15,15,angry:3;happy:52;neutral:52;sad:23
204,4055,58,7,7,angry:3;happy:21;neutral:8;sad:26
205,1463,31,4,4,angry:3;happy:8;neutral:14;sad:6
206,1569,81,9,9,angry:3;happy:5;neutral:29;sad:44
207,979,82,10,10,angry:3;happy:22;neutral:48;sad:9
208,2790,53,7,7,angry:3;happy:32;neutral:13;sad:5
209,3209,48,5,5,angry:3;happy:5;neutral:32;sad:8
210,771,47,5,5,angry:3;happy:17;neutral:23;sad:4
211,1236,31,4,4,angry:3;happy:12;neutral:12;sad:4
212,1353,68,8,8,angry:3;happy:33;neutral:28;sad:4
213,1373,112,13,13,angry:8;happy:58;neutral:43;sad:3
214,1244,82,9,9,angry:9;happy:5;neutral:65;sad:3
215,865,55,6,6,angry:4;happy:3;neutral:45;sad:3
216,137,117,14,14,angry:12;happy:44;neutral:58;sad:3
217,1507,113,13,13,angry:4;happy:8;neutral:98;sad:3
218,1577,62,6,6,angry:3;happy:12;neutral:21;sad:26
219,1329,128,16,16,angry:3;happy:28;neutral:49;sad:48
220,3689,41,4,4,angry:15;happy:18;neutral:3;sad:5
221,1221,46,5,5,angry:9;happy:8;neutral:26;sad:3
222,1438,43,6,6,angry:3;happy:5;neutral:29;sad:6
223,1478,71,10,10,angry:3;happy:28;neutral:36;sad:4
224,1265,56,7,7,angry:3;happy:9;neutral:29;sad:15
225,3210,51,6,6,angry:3;happy:4;neutral:12;sad:32
226,1608,27,3,3,angry:5;happy:8;neutral:11;sad:3
227,926,24,3,3,angry:2;happy:12;neutral:6;sad:4
228,3599,61,6,6,angry:11;happy:44;neutral:4;sad:2
229,117,27,3,3,angry:4;happy:8;neutral:13;sad:2
230,1328,53,7,7,angry:6;happy:29;neutral:16;sad:2
231,1257,66,9,9,angry:14;happy:6;neutral:44;sad:2
232,3679,45,6,6,angry:2;happy:20;neutral:15;sad:8
233,1232,42,6,6,angry:4;happy:21;neutral:15;sad:2
234,737,25,2,2,angry:2;happy:4;neutral:15;sad:4
235,1187,57,7,7,angry:3;happy:30;neutral:22;sad:2
236,2274,25,2,2,angry:7;happy:2;neutral:12;sad:4
237,1597,89,11,11,angry:2;happy:21;neutral:45;sad:21
238,3613,56,8,8,angry:2;happy:13;neutral:14;sad:27
239,142,29,2,2,angry:2;happy:11;neutral:12;sad:4
240,3026,130,15,15,angry:2;happy:43;neutral:43;sad:42
241,1289,45,6,6,angry:17;happy:11;neutral:15;sad:2
242,756,59,7,7,angry:2;happy:24;neutral:26;sad:7
243,100,83,10,10,angry:3;happy:17;neutral:61;sad:2
244,1233,126,17,17,angry:6;happy:59;neutral:59;sad:2
245,1294,59,7,7,angry:2;happy:8;neutral:40;sad:9
246,1332,48,5,5,angry:2;happy:19;neutral:23;sad:4
247,3651,37,4,4,angry:25;happy:7;neutral:2;sad:3
248,3317,26,2,2,angry:14;happy:5;neutral:5;sad:2
249,2558,24,2,2,angry:2;happy:12;neutral:5;sad:5
250,1384,128,16,16,angry:2;happy:58;neutral:57;sad:11
251,899,19,3,3,angry:2;happy:4;neutral:8;sad:5
252,1374,127,16,16,angry:2;happy:56;neutral:60;sad:9
253,2457,28,2,2,angry:4;happy:2;neutral:11;sad:11
254,2539,21,2,2,angry:3;happy:11;neutral:5;sad:2
255,1790,48,6,6,angry:2;happy:27;neutral:15;sad:4
256,111,60,7,7,angry:4;happy:31;neutral:23;sad:2
257,223,93,12,12,angry:4;happy:26;neutral:61;sad:2
258,2375,22,2,2,angry:12;happy:4;neutral:4;sad:2
259,135,84,10,10,angry:12;happy:17;neutral:53;sad:2
260,1453,29,3,3,angry:2;happy:21;neutral:4;sad:2
261,236,25,2,2,angry:2;happy:11;neutral:10;sad:2
262,1959,31,4,4,angry:2;happy:14;neutral:4;sad:11
263,3718,46,6,6,angry:11;happy:2;neutral:28;sad:5
264,993,23,2,2,angry:2;happy:8;neutral:10;sad:3
265,759,70,8,8,angry:5;happy:27;neutral:36;sad:2
266,886,30,3,3,angry:12;happy:11;neutral:5;sad:2
267,2421,38,4,4,angry:2;happy:16;neutral:3;sad:17
268,352,39,5,5,angry:2;happy:12;neutral:21;sad:4
269,292,24,2,2,angry:3;happy:3;neutral:16;sad:2
270,3383,30,3,3,angry:14;happy:9;neutral:5;sad:2
271,3024,20,3,3,angry:2;happy:2;neutral:12;sad:4
272,3228,83,10,10,angry:2;happy:9;neutral:38;sad:34
273,3626,24,2,2,angry:2;happy:5;neutral:7;sad:10
274,3598,97,12,12,angry:69;happy:21;neutral:5;sad:2
275,1677,32,3,3,angry:10;happy:3;neutral:17;sad:2
276,1263,32,3,3,angry:12;happy:2;neutral:13;sad:5
277,1516,36,4,4,angry:4;happy:24;neutral:6;sad:2
278,669,55,6,6,angry:9;happy:9;neutral:35;sad:2
279,879,81,9,9,angry:2;happy:32;neutral:28;sad:19
280,2606,27,3,3,angry:2;happy:12;neutral:4;sad:9
281,1437,38,4,4,angry:2;happy:10;neutral:19;sad:7
282,2908,91,12,12,angry:2;happy:11;neutral:29;sad:49
283,1346,55,7,7,angry:5;happy:20;neutral:28;sad:2
284,1417,41,5,5,angry:2;happy:11;neutral:21;sad:7
285,2979,47,5,5,angry:2;happy:16;neutral:9;sad:20
286,892,43,5,5,angry:6;happy:24;neutral:11;sad:2
287,915,26,3,3,angry:10;happy:4;neutral:10;sad:2
288,1143,30,3,3,angry:2;happy:12;neutral:12;sad:4
289,2411,32,4,4,angry:12;happy:2;neutral:14;sad:4
290,1520,70,8,8,angry:11;happy:10;neutral:47;sad:2
291,3607,47,5,5,angry:2;happy:5;neutral:24;sad:16
292,88,39,5,5,angry:6;happy:15;neutral:16;sad:2
293,744,33,3,3,angry:4;happy:17;neutral:10;sad:2
294,1222,31,5,5,angry:5;happy:4;neutral:20;sad:2
295,2953,28,3,3,angry:8;happy:11;neutral:7;sad:2
296,3326,121,14,14,angry:2;happy:41;neutral:58;sad:20
297,3680,29,2,2,angry:5;happy:12;neutral:10;sad:2
298,318,23,2,2,angry:4;happy:2;neutral:15;sad:2
299,1313,34,4,4,angry:4;happy:8;neutral:20;sad:2
300,876,42,4,4,angry:2;happy:10;neutral:25;sad:5
301,3376,23,4,4,angry:2;happy:5;neutral:5;sad:11
302,1585,81,9,9,angry:2;happy:16;neutral:51;sad:12
303,1408,130,15,15,angry:4;happy:52;neutral:72;sad:2
304,1167,109,14,14,angry:2;happy:31;neutral:62;sad:14
305,2998,55,7,7,angry:13;happy:20;neutral:20;sad:2
306,74,39,5,5,angry:4;happy:12;neutral:21;sad:2
307,923,36,4,4,angry:2;happy:18;neutral:11;sad:5
308,326,25,3,3,angry:3;happy:6;neutral:14;sad:2
309,2488,21,3,3,angry:8;happy:7;neutral:4;sad:2
310,670,23,3,3,angry:4;happy:5;neutral:12;sad:2
311,294,38,4,4,angry:2;happy:8;neutral:24;sad:4
312,2915,34,5,5,angry:1;happy:7;neutral:15;sad:11
313,846,57,6,6,angry:3;happy:20;neutral:33;sad:1
314,944,26,4,4,angry:1;happy:6;neutral:13;sad:6
315,140,27,3,3,angry:1;happy:6;neutral:17;sad:3
316,936,45,5,5,angry:1;happy:4;neutral:38;sad:2
317,1669,50,7,7,angry:1;happy:6;neutral:29;sad:14
318,1587,49,6,6,angry:1;happy:11;neutral:33;sad:4
319,1676,60,8,8,angry:1;happy:15;neutral:39;sad:5
320,980,21,2,2,angry:3;happy:3;neutral:14;sad:1
321,2599,20,3,3,angry:1;happy:11;neutral:6;sad:2
322,2273,23,3,3,angry:11;happy:6;neutral:5;sad:1
323,64,62,7,7,angry:2;happy:27;neutral:32;sad:1
324,1449,47,5,5,angry:2;happy:27;neutral:17;sad:1
325,883,33,5,5,angry:4;happy:11;neutral:17;sad:1
326,3587,23,3,3,angry:4;happy:1;neutral:11;sad:7
327,929,52,6,6,angry:1;happy:19;neutral:25;sad:7
328,1380,82,10,10,angry:1;happy:23;neutral:37;sad:21
329,313,128,16,16,angry:1;happy:11;neutral:95;sad:21
330,1451,48,7,7,angry:1;happy:20;neutral:16;sad:11
331,1682,21,2,2,angry:1;happy:2;neutral:16;sad:2
332,1583,128,16,16,angry:1;happy:28;neutral:95;sad:4
333,3220,128,16,16,angry:1;happy:13;neutral:57;sad:57
334,1039,35,3,3,angry:1;happy:12;neutral:20;sad:2
335,472,43,4,4,angry:4;happy:5;neutral:33;sad:1
336,1673,22,2,2,angry:1;happy:1;neutral:17;sad:3
337,730,72,8,8,angry:1;happy:25;neutral:44;sad:2
338,3656,19,3,3,angry:1;happy:5;neutral:9;sad:4
339,1150,23,2,2,angry:1;happy:5;neutral:15;sad:2
340,853,36,3,3,angry:5;happy:9;neutral:21;sad:1
341,1416,43,5,5,angry:1;happy:14;neutral:11;sad:17
342,1220,29,4,4,angry:5;happy:12;neutral:11;sad:1
343,983,25,3,3,angry:3;happy:7;neutral:14;sad:1
344,3027,128,16,16,angry:1;happy:49;neutral:48;sad:30
345,1588,37,4,4,angry:1;happy:8;neutral:27;sad:1
346,3215,25,3,3,angry:1;happy:2;neutral:13;sad:9
347,2921,60,7,7,angry:1;happy:7;neutral:33;sad:19
348,3004,39,5,5,angry:6;happy:23;neutral:9;sad:1
349,3231,32,3,3,angry:1;happy:5;neutral:24;sad:2
350,897,27,3,3,angry:1;happy:14;neutral:10;sad:2
351,2962,23,3,3,angry:1;happy:4;neutral:11;sad:7
352,3069,24,2,2,angry:9;happy:12;neutral:2;sad:1
353,115,47,5,5,angry:3;happy:10;neutral:33;sad:1
354,3033,37,3,3,angry:27;happy:4;neutral:5;sad:1
355,1667,48,6,6,angry:1;happy:11;neutral:27;sad:9
356,1410,40,4,4,angry:1;happy:10;neutral:25;sad:4
357,2289,28,3,3,angry:1;happy:6;neutral:9;sad:12
358,1124,94,12,12,angry:1;happy:39;neutral:49;sad:5
359,652,34,3,3,angry:1;happy:18;neutral:11;sad:4
360,3233,37,5,5,angry:1;happy:5;neutral:20;sad:11
361,2983,121,14,14,angry:84;happy:17;neutral:19;sad:1
362,878,29,3,3,angry:1;happy:24;neutral:3;sad:1
363,774,35,4,4,angry:10;happy:8;neutral:16;sad:1
364,1505,130,15,15,angry:1;happy:20;neutral:98;sad:11
365,1613,65,7,7,angry:44;happy:8;neutral:12;sad:1
366,358,24,3,3,angry:1;happy:4;neutral:14;sad:5
367,58,48,7,7,angry:1;happy:14;neutral:29;sad:4
368,1339,36,4,4,angry:2;happy:8;neutral:25;sad:1
369,70,128,16,16,angry:23;happy:70;neutral:34;sad:1
370,1542,56,7,7,angry:1;happy:7;neutral:39;sad:9
371,1152,48,6,6,angry:1;happy:22;neutral:22;sad:3
372,3586,58,8,8,angry:1;happy:27;neutral:17;sad:13
373,3199,21,3,3,angry:2;happy:12;neutral:6;sad:1
374,468,27,3,3,angry:1;happy:2;neutral:23;sad:1
375,2961,78,9,9,angry:1;happy:4;neutral:36;sad:37
376,535,35,4,4,angry:1;happy:4;neutral:25;sad:5
377,217,22,2,2,angry:1;happy:2;neutral:14;sad:5
378,1459,22,3,3,angry:1;happy:11;neutral:7;sad:3
379,1394,69,8,8,angry:1;happy:36;neutral:27;sad:5
380,3581,28,3,3,angry:3;happy:20;neutral:1;sad:4
381,518,23,2,2,angry:1;happy:11;neutral:9;sad:2
382,1456,61,7,7,angry:1;happy:27;neutral:28;sad:5
383,1572,115,15,15,angry:1;happy:24;neutral:78;sad:12
384,4058,128,16,16,angry:110;happy:6;neutral:11;sad:1
385,2914,94,12,12,angry:1;happy:12;neutral:59;sad:22
386,881,26,3,3,angry:1;happy:11;neutral:11;sad:3
387,2367,23,2,2,angry:8;happy:1;neutral:11;sad:3
388,4054,96,11,11,angry:1;happy:41;neutral:18;sad:36
389,3351,48,5,5,angry:1;happy:5;neutral:35;sad:7
390,3259,69,8,8,angry:1;happy:4;neutral:52;sad:12
391,1668,27,3,3,angry:2;happy:1;neutral:20;sad:4
392,943,34,3,3,angry:10;happy:1;neutral:19;sad:4
393,1446,54,7,7,angry:1;happy:13;neutral:36;sad:4
394,600,22,3,3,angry:13;happy:3;neutral:5;sad:1
395,3022,21,2,2,angry:5;happy:1;neutral:4;sad:11
396,3262,27,3,3,angry:1;happy:1;neutral:16;sad:9
397,4057,114,13,13,angry:48;happy:21;neutral:44;sad:1
398,106,44,5,5,angry:12;happy:25;neutral:6;sad:1
399,863,40,5,5,angry:2;happy:1;neutral:28;sad:9
400,1448,24,2,2,angry:1;happy:11;neutral:9;sad:3
401,1431,23,4,4,angry:1;happy:13;neutral:5;sad:4
402,945,64,8,8,angry:1;happy:16;neutral:45;sad:2
403,1342,22,3,3,angry:1;happy:11;neutral:9;sad:1
404,890,23,3,3,angry:6;happy:9;neutral:7;sad:1
405,2553,34,4,4,angry:24;happy:6;neutral:3;sad:1
406,118,66,8,8,angry:1;happy:23;neutral:41;sad:1
407,1005,26,3,3,angry:1;happy:3;neutral:21;sad:1
408,275,60,8,8,angry:1;happy:31;neutral:27;sad:1
409,1375,76,10,10,angry:1;happy:32;neutral:39;sad:4
410,2916,72,9,9,angry:1;happy:3;neutral:55;sad:13
411,1491,21,2,2,angry:3;happy:5;neutral:12;sad:1
412,2412,28,4,4,angry:1;happy:4;neutral:6;sad:17
413,345,24,3,3,angry:1;happy:7;neutral:15;sad:1
414,1429,48,5,5,angry:1;happy:12;neutral:24;sad:11
415,1304,41,5,5,angry:1;happy:11;neutral:25;sad:4
416,3255,50,6,6,angry:1;happy:5;neutral:36;sad:8
417,1455,39,5,5,angry:1;happy:21;neutral:15;sad:2
418,1421,32,4,4,angry:1;happy:5;neutral:5;sad:21
419,1432,41,4,4,angry:1;happy:11;neutral:20;sad:9
420,284,106,13,13,angry:1;happy:29;neutral:60;sad:16
421,415,23,3,3,angry:6;happy:6;neutral:10;sad:1
422,3384,53,5,5,angry:44;happy:5;neutral:3;sad:1
423,126,64,8,8,angry:1;happy:16;neutral:46;sad:1
424,1286,19,3,3,angry:2;happy:12;neutral:4;sad:1
425,2911,108,13,13,angry:1;happy:20;neutral:76;sad:11
426,1578,28,3,3,angry:1;happy:4;neutral:13;sad:10
427,775,21,2,2,angry:1;happy:6;neutral:11;sad:3
428,76,36,5,5,angry:5;happy:15;neutral:15;sad:1
429,957,20,3,3,angry:1;happy:9;neutral:4;sad:6
430,960,24,2,2,angry:1;happy:11;neutral:11;sad:1
431,3251,29,3,3,angry:1;happy:11;neutral:15;sad:2
432,794,20,3,3,angry:1;happy:12;neutral:4;sad:3
433,937,43,5,5,angry:1;happy:9;neutral:31;sad:2
434,1468,54,6,6,angry:1;happy:10;neutral:32;sad:11
435,62,81,10,10,angry:1;happy:24;neutral:52;sad:4
436,898,33,3,3,angry:1;happy:17;neutral:12;sad:3
437,2938,47,6,6,angry:1;happy:16;neutral:25;sad:5
438,662,29,2,2,angry:1;happy:4;neutral:20;sad:4
439,3639,36,4,4,angry:4;happy:4;neutral:27;sad:1
440,1345,53,6,6,angry:5;happy:20;neutral:27;sad:1
441,3323,55,6,6,angry:44;happy:3;neutral:7;sad:1
442,154,23,2,2,angry:1;happy:5;neutral:12;sad:5
443,3713,25,2,2,angry:1;happy:10;neutral:9;sad:5
444,2960,38,4,4,angry:1;happy:4;neutral:14;sad:19
445,849,24,2,2,angry:1;happy:3;neutral:17;sad:3
446,1692,49,5,5,angry:4;happy:12;neutral:32;sad:1
447,2940,37,4,4,angry:1;happy:5;neutral:23;sad:8
448,951,24,2,2,angry:1;happy:15;neutral:4;sad:4
449,2963,42,5,5,angry:1;happy:12;neutral:18;sad:11
450,2117,21,2,2,angry:1;happy:1;neutral:8;sad:11
451,3028,41,4,4,angry:1;happy:27;neutral:10;sad:3
452,3250,128,16,16,angry:1;happy:7;neutral:90;sad:30
453,266,70,9,9,angry:4;happy:33;neutral:32;sad:1
454,3226,38,5,5,angry:1;happy:4;neutral:18;sad:15
455,2992,31,5,5,angry:1;happy:13;neutral:12;sad:5
456,1570,70,8,8,angry:1;happy:8;neutral:36;sad:25
457,3633,31,3,3,angry:1;happy:4;neutral:21;sad:5
458,1521,128,16,16,angry:1;happy:4;neutral:86;sad:37
459,139,79,9,9,angry:40;happy:17;neutral:21;sad:1
460,2846,54,7,7,angry:1;happy:9;neutral:17;sad:27
461,489,30,3,3,angry:1;happy:6;neutral:20;sad:3
462,3224,70,8,8,angry:1;happy:18;neutral:25;sad:26
463,101,62,7,7,angry:4;happy:18;neutral:39;sad:1
464,2555,37,4,4,angry:21;happy:11;neutral:4;sad:1
465,3715,52,6,6,angry:12;happy:29;neutral:10;sad:1
466,1460,32,3,3,angry:2;happy:12;neutral:17;sad:1
467,3208,130,15,15,happy:44;neutral:43;sad:43
468,1665,105,12,12,happy:25;neutral:60;sad:20
469,2909,130,15,15,happy:20;neutral:82;sad:28
470,3604,90,12,12,happy:18;neutral:43;sad:29
471,285,112,14,14,happy:16;neutral:73;sad:23
472,3234,72,9,9,happy:14;neutral:35;sad:23
473,267,63,9,9,angry:14;happy:20;neutral:29
474,2964,76,10,10,happy:14;neutral:48;sad:14
475,3211,47,6,6,happy:12;neutral:20;sad:15
476,3214,54,7,7,happy:12;neutral:27;sad:15
477,1403,52,7,7,happy:17;neutral:24;sad:11
478,3341,41,6,6,happy:18;neutral:12;sad:11
479,3039,106,13,13,happy:12;neutral:83;sad:11
480,72,77,9,9,angry:12;happy:18;neutral:47
481,1292,61,7,7,angry:12;happy:21;neutral:28
482,3254,51,6,6,happy:11;neutral:29;sad:11
483,1580,62,8,8,happy:10;neutral:37;sad:15
484,3264,121,15,15,happy:10;neutral:90;sad:21
485,3353,32,4,4,happy:10;neutral:9;sad:13
486,1450,74,9,9,happy:38;neutral:27;sad:9
487,1401,57,6,6,happy:9;neutral:37;sad:11
488,3310,86,11,11,happy:9;neutral:49;sad:28
489,1436,56,6,6,happy:19;neutral:28;sad:9
490,2910,73,9,9,happy:12;neutral:53;sad:8
491,3634,55,7,7,happy:14;neutral:33;sad:8
492,1430,40,5,5,happy:15;neutral:17;sad:8
493,3218,57,8,8,happy:27;neutral:8;sad:22
494,430,65,8,8,happy:8;neutral:43;sad:14
495,1395,69,9,9,happy:25;neutral:36;sad:8
496,2968,73,9,9,happy:7;neutral:40;sad:26
497,3916,80,10,10,happy:7;neutral:53;sad:20
498,268,55,7,7,angry:7;happy:16;neutral:32
499,3192,29,3,3,happy:10;neutral:12;sad:7
500,3037,59,8,8,happy:7;neutral:40;sad:12
501,3038,35,5,5,happy:21;neutral:7;sad:7
502,278,30,4,4,happy:13;neutral:10;sad:7
503,896,37,5,5,happy:11;neutral:19;sad:7
504,105,34,4,4,angry:7;happy:16;neutral:11
505,357,35,5,5,happy:6;neutral:21;sad:8
506,873,30,4,4,happy:12;neutral:12;sad:6
507,3647,24,3,3,happy:6;neutral:10;sad:8
508,2967,25,4,4,happy:6;neutral:8;sad:11
509,244,20,3,3,angry:6;neutral:8;sad:6
510,2894,37,5,5,angry:16;happy:15;neutral:6
511,3686,21,3,3,happy:7;neutral:6;sad:8
512,1119,64,8,8,happy:6;neutral:33;sad:25
513,2499,30,4,4,happy:6;neutral:7;sad:17
514,3576,48,6,6,happy:6;neutral:32;sad:10
515,14,22,3,3,angry:6;happy:7;neutral:9
516,305,29,4,4,angry:5;happy:11;neutral:13
517,246,41,5,5,happy:12;neutral:24;sad:5
518,934,33,5,5,happy:5;neutral:22;sad:6
519,192,37,5,5,angry:5;happy:11;neutral:21
520,2996,39,6,6,happy:11;neutral:23;sad:5
521,2923,40,6,6,happy:5;neutral:27;sad:8
522,12,63,9,9,happy:15;neutral:43;sad:5
523,2286,23,3,3,happy:5;neutral:9;sad:9
524,1544,36,5,5,angry:6;happy:5;neutral:25
525,2849,35,4,4,happy:5;neutral:18;sad:12
526,2557,31,4,4,happy:15;neutral:5;sad:11
527,1340,23,4,4,happy:5;neutral:13;sad:5
528,10,128,16,16,happy:37;neutral:86;sad:5
529,272,44,6,6,happy:5;neutral:31;sad:8
530,1475,31,4,4,happy:5;neutral:18;sad:8
531,1337,72,9,9,happy:35;neutral:32;sad:5
532,2781,48,6,6,happy:5;neutral:17;sad:26
533,858,41,6,6,happy:13;neutral:24;sad:4
534,371,24,4,4,happy:12;neutral:8;sad:4
535,1302,49,7,7,happy:14;neutral:31;sad:4
536,3249,51,7,7,happy:4;neutral:36;sad:11
537,2221,30,4,4,happy:12;neutral:14;sad:4
538,1418,46,6,6,happy:14;neutral:28;sad:4
539,3643,29,4,4,happy:14;neutral:11;sad:4
540,2918,44,7,7,happy:4;neutral:29;sad:11
541,3583,45,6,6,happy:35;neutral:4;sad:6
542,269,25,3,3,angry:4;happy:10;neutral:11
543,3650,27,4,4,happy:11;neutral:12;sad:4
544,1878,20,3,3,happy:6;neutral:4;sad:10
545,3641,38,6,6,happy:27;neutral:7;sad:4
546,1508,61,8,8,happy:4;neutral:53;sad:4
547,800,39,6,6,happy:14;neutral:21;sad:4
548,1526,54,8,8,angry:37;happy:4;neutral:13
549,2939,31,5,5,happy:4;neutral:12;sad:15
550,1184,46,5,5,happy:23;neutral:18;sad:5
551,1254,43,4,4,happy:21;neutral:17;sad:5
552,3190,59,7,7,happy:5;neutral:44;sad:10
553,1474,21,2,2,happy:8;neutral:8;sad:5
554,1565,39,4,4,happy:5;neutral:26;sad:8
555,3278,27,3,3,angry:11;happy:11;neutral:5
556,3221,75,8,8,happy:5;neutral:34;sad:36
557,758,24,3,3,happy:14;neutral:5;sad:5
558,803,62,7,7,happy:5;neutral:45;sad:12
559,3356,32,4,4,happy:5;neutral:12;sad:15
560,251,22,2,2,angry:5;happy:9;neutral:8
561,3042,128,16,16,happy:5;neutral:80;sad:43
562,487,35,4,4,angry:5;happy:18;neutral:12
563,2889,55,7,7,angry:46;happy:5;neutral:4
564,61,97,11,11,angry:5;happy:33;neutral:59
565,1312,42,5,5,happy:5;neutral:26;sad:11
566,3196,35,4,4,happy:5;neutral:26;sad:4
567,1146,37,5,5,happy:5;neutral:27;sad:5
568,872,40,4,4,happy:27;neutral:8;sad:5
569,245,46,5,5,happy:5;neutral:36;sad:5
570,2943,27,2,2,happy:5;neutral:5;sad:17
571,2397,31,3,3,happy:5;neutral:10;sad:16
572,1086,52,7,7,happy:4;neutral:43;sad:5
573,89,86,11,11,happy:4;neutral:61;sad:21
574,3225,24,2,2,happy:4;neutral:9;sad:11
575,29,68,7,7,angry:4;happy:53;neutral:11
576,3194,31,3,3,happy:4;neutral:20;sad:7
577,214,25,3,3,angry:4;happy:9;neutral:12
578,2928,25,3,3,happy:4;neutral:15;sad:6
579,3670,25,3,3,happy:4;neutral:15;sad:6
580,488,21,3,3,angry:4;happy:6;neutral:11
581,1243,43,4,4,angry:35;happy:4;neutral:4
582,1219,34,4,4,angry:4;happy:14;neutral:16
583,147,42,5,5,angry:4;happy:16;neutral:22
584,71,81,10,10,angry:4;happy:23;neutral:54
585,1142,25,2,2,happy:12;neutral:9;sad:4
586,2338,22,2,2,happy:12;neutral:6;sad:4
587,3197,83,9,9,happy:4;neutral:44;sad:35
588,11,22,3,3,happy:4;neutral:14;sad:4
589,933,61,7,7,happy:7;neutral:50;sad:4
590,3653,21,3,3,happy:4;neutral:12;sad:5
591,3212,44,5,5,happy:4;neutral:17;sad:23
592,1211,36,4,4,happy:4;neutral:23;sad:9
593,3193,39,4,4,happy:4;neutral:26;sad:9
594,2912,50,5,5,happy:4;neutral:34;sad:12
595,970,47,6,6,happy:32;neutral:11;sad:4
596,1397,25,3,3,angry:3;happy:11;neutral:11
597,2930,30,4,4,happy:3;neutral:22;sad:5
598,1678,43,5,5,angry:3;happy:12;neutral:28
599,401,26,3,3,angry:3;happy:12;neutral:11
600,1348,22,2,2,angry:3;happy:7;neutral:12
601,798,46,6,6,happy:3;neutral:36;sad:7
602,2572,26,3,3,happy:20;neutral:3;sad:3
603,2298,28,3,3,happy:21;neutral:4;sad:3
604,144,38,4,4,angry:3;happy:9;neutral:26
605,536,25,3,3,happy:3;neutral:17;sad:5
606,761,21,2,2,angry:7;happy:3;neutral:11
607,3640,36,4,4,happy:3;neutral:12;sad:21
608,254,73,8,8,happy:10;neutral:60;sad:3
609,1081,36,3,3,happy:3;neutral:28;sad:5
610,75,34,4,4,angry:3;happy:5;neutral:26
611,2307,19,3,3,angry:5;happy:11;sad:3
612,3318,33,4,4,angry:27;happy:3;neutral:3
613,3258,58,7,7,happy:3;neutral:49;sad:6
614,1465,45,6,6,happy:28;neutral:14;sad:3
615,1523,84,10,10,happy:3;neutral:59;sad:22
616,638,53,6,6,angry:3;happy:18;neutral:32
617,3669,21,2,2,happy:3;neutral:11;sad:7
618,231,31,3,3,happy:3;neutral:21;sad:7
619,67,40,5,5,happy:5;neutral:32;sad:3
620,1509,32,4,4,happy:6;neutral:23;sad:3
621,3373,27,2,2,happy:20;neutral:3;sad:4
622,163,33,4,4,happy:9;neutral:21;sad:3
623,928,60,8,8,happy:20;neutral:37;sad:3
624,3596,45,6,6,angry:3;neutral:27;sad:15
625,233,25,3,3,angry:13;happy:3;neutral:9
626,3381,31,4,4,angry:24;happy:3;neutral:4
627,1564,36,4,4,angry:3;happy:7;neutral:26
628,57,36,5,5,angry:2;happy:11;neutral:23
629,249,22,2,2,angry:10;happy:2;neutral:10
630,1472,31,4,4,happy:12;neutral:17;sad:2
631,65,40,5,5,angry:2;happy:20;neutral:18
632,1093,34,4,4,happy:5;neutral:27;sad:2
633,3018,21,3,3,angry:2;happy:13;neutral:6
634,3043,35,4,4,happy:2;neutral:30;sad:3
635,82,41,6,6,happy:12;neutral:27;sad:2
636,1082,44,5,5,happy:5;neutral:37;sad:2
637,3637,23,2,2,happy:10;neutral:11;sad:2
638,2518,34,3,3,happy:27;neutral:5;sad:2
639,661,23,2,2,happy:11;neutral:10;sad:2
640,2297,22,3,3,happy:2;neutral:7;sad:13
641,1390,47,6,6,happy:18;neutral:27;sad:2
642,755,27,4,4,happy:4;neutral:21;sad:2
643,1393,51,6,6,happy:22;neutral:27;sad:2
644,522,21,2,2,happy:2;neutral:15;sad:4
645,157,21,3,3,happy:2;neutral:12;sad:7
646,3222,59,8,8,happy:2;neutral:30;sad:27
647,1151,46,5,5,happy:16;neutral:28;sad:2
648,2447,23,3,3,happy:2;neutral:15;sad:6
649,108,21,3,3,happy:7;neutral:12;sad:2
650,3685,24,2,2,happy:19;neutral:2;sad:3
651,1517,30,3,3,happy:9;neutral:19;sad:2
652,3311,37,5,5,angry:2;neutral:20;sad:15
653,1253,54,6,6,angry:2;happy:34;neutral:18
654,83,39,4,4,happy:2;neutral:34;sad:3
655,942,23,2,2,happy:5;neutral:16;sad:2
656,804,28,3,3,happy:3;neutral:23;sad:2
657,119,23,3,3,angry:2;happy:6;neutral:15
658,1595,26,3,3,happy:2;neutral:15;sad:9
659,885,21,2,2,angry:1;happy:17;neutral:3
660,1084,30,3,3,happy:2;neutral:27;sad:1
661,1568,20,3,3,happy:7;neutral:12;sad:1
662,962,21,2,2,angry:1;happy:4;neutral:16
663,122,43,5,5,angry:1;happy:9;neutral:33
664,997,26,3,3,happy:1;neutral:19;sad:6
665,1501,31,4,4,happy:23;neutral:7;sad:1
666,1182,21,2,2,angry:2;neutral:18;sad:1
667,300,22,2,2,happy:4;neutral:17;sad:1
668,253,31,3,3,angry:1;neutral:21;sad:9
669,3227,127,16,16,happy:1;neutral:71;sad:55
670,1145,20,3,3,happy:6;neutral:13;sad:1
671,158,27,3,3,happy:11;neutral:15;sad:1
672,906,27,3,3,angry:1;happy:21;neutral:5
673,1144,23,2,2,happy:5;neutral:17;sad:1
674,1524,20,3,3,happy:6;neutral:13;sad:1
675,299,31,4,4,angry:1;happy:2;neutral:28
676,420,26,3,3,happy:1;neutral:21;sad:4
677,373,34,4,4,happy:12;neutral:21;sad:1
678,806,24,3,3,happy:11;neutral:12;sad:1
679,2494,24,2,2,angry:12;happy:1;neutral:11
680,78,64,8,8,angry:1;happy:42;neutral:21
681,479,32,4,4,happy:6;neutral:25;sad:1
682,1462,21,2,2,happy:16;neutral:4;sad:1
683,864,25,2,2,happy:3;neutral:21;sad:1
684,3035,38,5,5,angry:33;happy:1;neutral:4
685,3044,103,13,13,happy:1;neutral:76;sad:26
686,985,38,4,4,angry:1;happy:2;neutral:35
687,2347,30,3,3,angry:2;happy:27;neutral:1
688,909,31,4,4,happy:5;neutral:25;sad:1
689,84,43,6,6,happy:4;neutral:38;sad:1
690,174,27,3,3,angry:1;happy:5;neutral:21
691,2884,22,2,2,angry:19;happy:1;neutral:2
692,286,23,3,3,angry:1;happy:12;neutral:10
693,946,24,3,3,happy:10;neutral:13;sad:1
694,391,31,3,3,happy:12;neutral:18;sad:1
695,987,28,3,3,happy:6;neutral:21;sad:1
696,478,22,2,2,happy:4;neutral:17;sad:1
697,25,97,12,12,happy:35;neutral:61;sad:1
698,229,30,3,3,happy:3;neutral:26;sad:1
699,1379,31,4,4,happy:20;neutral:10;sad:1
